Workbook
Name Aircore_SAMPLES: DependentLists!$H$2:$H$2
Name ALTERATION_INTENSITY: Lists!$I$2:$I$6
Name ALTERATION_TYPES: Lists!$H$2:$H$9
Name ASSAY_KEYS: Assays!$L$2:$L$1001
Name ASSAY_VALUES: Assays!$C$2:$C$1001
Name Auger_SAMPLES: DependentLists!$G$2:$G$2
Name BIF_TEXTURES: DependentLists!$A$2:$A$5
Name DiamondCore_SAMPLES: DependentLists!$F$2:$F$2
Name DOL_TEXTURES: DependentLists!$C$2:$C$4
Name DRILL_TYPES: Lists!$D$2:$D$5
Name GRAIN_SIZES: Lists!$F$2:$F$6
Name LITHOLOGY_CODES: Lists!$A$2:$A$5
Name LITHOLOGY_DESCRIPTIONS: Lists!$B$2:$B$5
Name MINERALIZATION_STYLES: Lists!$J$2:$J$6
Name MOISTURE_CODES: Lists!$N$2:$N$4
Name ORIENTATION_QUALITY: Lists!$M$2:$M$5
Name QFP_TEXTURES: DependentLists!$D$2:$D$4
Name RC_SAMPLES: DependentLists!$E$2:$E$2
Name SAMPLE_TYPES_LIST: Lists!$K$2:$K$5
Name SH_TEXTURES: DependentLists!$B$2:$B$3
Name STANDARDS_IDS: 'Standards Catalogue'!$A$2:$A$3
Name STRUCTURE_TYPES: Lists!$L$2:$L$6
Name TEXTURES_CODES: Lists!$E$2:$E$7
Name WEATHERING_CODES: Lists!$G$2:$G$6

Sheet Lists
A1: Lith_Code | B1: Lith_Description | D1: DRILL_TYPES | E1: TEXTURES_CODES | F1: GRAIN_SIZES | G1: WEATHERING_CODES | H1: ALTERATION_TYPES | I1: ALTERATION_INTENSITY | J1: MINERALIZATION_STYLES | K1: SAMPLE_TYPES_LIST | L1: STRUCTURE_TYPES | M1: ORIENTATION_QUALITY | N1: MOISTURE_CODES
A2: BIF | B2: Banded Iron Formation | D2: RC | E2: Massive | F2: Very Fine | G2: Fresh | H2: Silicification | I2: None | J2: Disseminated | K2: RC Chips | L2: Bedding | M2: Poor | N2: Dry
A3: SH | B3: Shale | D3: Diamond Core | E3: Banded | F3: Fine | G3: Slightly Weathered | H3: Hematitization | I3: Weak | J3: Massive | K3: Core | L3: Foliation | M3: Fair | N3: Damp
A4: DOL | B4: Dolerite | D4: Auger | E4: Laminated | F4: Medium | G4: Moderately Weathered | H4: Magnetitization | I4: Moderate | J4: Banded | K4: Grab Sample | L4: Fault | M4: Good | N4: Wet
A5: QFP | B5: Quartz Feldspar Porphyry | D5: Aircore | E5: Brecciated | F5: Coarse | G5: Highly Weathered | H5: Goethite Replacement | I5: Strong | J5: Vein | K5: Channel Sample | L5: Joint | M5: Excellent
E6: Porous | F6: Very Coarse | G6: Completely Weathered | H6: Carbonate | I6: Intense | J6: Replacement | L6: Shear
E7: Oolitic | H7: Chlorite
H8: Sericite
H9: Kaolinite

Sheet Borehole Logging
A1: Hole ID | B1: Hole Type | C1: From (m) | D1: To (m) | E1: Interval (m) | F1: Lithology Code | G1: Lithology Description | H1: Texture | I1: Grain Size | J1: Weathering | K1: Alteration Type | L1: Alteration Intensity | M1: Mineralization Style | N1: Hematite % | O1: Magnetite % | P1: Goethite % | Q1: Gangue % | R1: Sulphides % | S1: Fe-oxides Total % | T1: Sample ID | U1: Sample From (m) | V1: Sample To (m) | W1: Sample Type | X1: Sample Weight (kg) | Y1: Recovery % | Z1: RQD % | AA1: Veining % | AB1: Fracture Frequency (/m) | AC1: Structure Type | AD1: Dip (°) | AE1: Dip Direction (°) | AF1: Alpha (°) | AG1: Beta (°) | AH1: Orientation Quality | AI1: Moisture | AJ1: Color | AK1: Comments | AL1: Logged By | AM1: Date | AN1: Run From (m) | AO1: Run To (m) | AP1: Core Recovered (m) | AQ1: Run Recovery % (auto) | AR1: TCR % | AS1: SCR % | AT1: CCR % | AU1: Pieces >10cm (/m) | AV1: Pieces 2–10cm (/m) | AW1: Pieces <2cm (/m) | AX1: Fe % | AY1: SiO2 % | AZ1: Al2O3 % | BA1: P % | BB1: S % | BC1: LOI %
E2: =IF(AND(C2<>"",D2<>""),D2-C2,"") | G2: =IFERROR(_xludf.XLOOKUP(F2,Lists!$A:$A,Lists!$B:$B,"",0),"") | S2: =IF(COUNTA(N2:P2)=3,N2+O2+P2,"") | AQ2: =IF(AND(AN2<>"",AO2<>"",AP2<>""),AP2/(AO2-AN2)*100,"") | AX2: =IFERROR(_xludf.XLOOKUP($T2&"|Fe",ASSAY_KEYS,ASSAY_VALUES,""),"") | AY2: =IFERROR(_xludf.XLOOKUP($T2&"|SiO2",ASSAY_KEYS,ASSAY_VALUES,""),"") | AZ2: =IFERROR(_xludf.XLOOKUP($T2&"|Al2O3",ASSAY_KEYS,ASSAY_VALUES,""),"") | BA2: =IFERROR(_xludf.XLOOKUP($T2&"|P",ASSAY_KEYS,ASSAY_VALUES,""),"") | BB2: =IFERROR(_xludf.XLOOKUP($T2&"|S",ASSAY_KEYS,ASSAY_VALUES,""),"") | BC2: =IFERROR(_xludf.XLOOKUP($T2&"|LOI",ASSAY_KEYS,ASSAY_VALUES,""),"")
E3: =IF(AND(C3<>"",D3<>""),D3-C3,"") | G3: =IFERROR(_xludf.XLOOKUP(F3,Lists!$A:$A,Lists!$B:$B,"",0),"") | S3: =IF(COUNTA(N3:P3)=3,N3+O3+P3,"") | AQ3: =IF(AND(AN3<>"",AO3<>"",AP3<>""),AP3/(AO3-AN3)*100,"") | AX3: =IFERROR(_xludf.XLOOKUP($T3&"|Fe",ASSAY_KEYS,ASSAY_VALUES,""),"") | AY3: =IFERROR(_xludf.XLOOKUP($T3&"|SiO2",ASSAY_KEYS,ASSAY_VALUES,""),"") | AZ3: =IFERROR(_xludf.XLOOKUP($T3&"|Al2O3",ASSAY_KEYS,ASSAY_VALUES,""),"") | BA3: =IFERROR(_xludf.XLOOKUP($T3&"|P",ASSAY_KEYS,ASSAY_VALUES,""),"") | BB3: =IFERROR(_xludf.XLOOKUP($T3&"|S",ASSAY_KEYS,ASSAY_VALUES,""),"") | BC3: =IFERROR(_xludf.XLOOKUP($T3&"|LOI",ASSAY_KEYS,ASSAY_VALUES,""),"")
E4: =IF(AND(C4<>"",D4<>""),D4-C4,"") | G4: =IFERROR(_xludf.XLOOKUP(F4,Lists!$A:$A,Lists!$B:$B,"",0),"") | S4: =IF(COUNTA(N4:P4)=3,N4+O4+P4,"") | AQ4: =IF(AND(AN4<>"",AO4<>"",AP4<>""),AP4/(AO4-AN4)*100,"") | AX4: =IFERROR(_xludf.XLOOKUP($T4&"|Fe",ASSAY_KEYS,ASSAY_VALUES,""),"") | AY4: =IFERROR(_xludf.XLOOKUP($T4&"|SiO2",ASSAY_KEYS,ASSAY_VALUES,""),"") | AZ4: =IFERROR(_xludf.XLOOKUP($T4&"|Al2O3",ASSAY_KEYS,ASSAY_VALUES,""),"") | BA4: =IFERROR(_xludf.XLOOKUP($T4&"|P",ASSAY_KEYS,ASSAY_VALUES,""),"") | BB4: =IFERROR(_xludf.XLOOKUP($T4&"|S",ASSAY_KEYS,ASSAY_VALUES,""),"") | BC4: =IFERROR(_xludf.XLOOKUP($T4&"|LOI",ASSAY_KEYS,ASSAY_VALUES,""),"")
E5: =IF(AND(C5<>"",D5<>""),D5-C5,"") | G5: =IFERROR(_xludf.XLOOKUP(F5,Lists!$A:$A,Lists!$B:$B,"",0),"") | S5: =IF(COUNTA(N5:P5)=3,N5+O5+P5,"") | AQ5: =IF(AND(AN5<>"",AO5<>"",AP5<>""),AP5/(AO5-AN5)*100,"") | AX5: =IFERROR(_xludf.XLOOKUP($T5&"|Fe",ASSAY_KEYS,ASSAY_VALUES,""),"") | AY5: =IFERROR(_xludf.XLOOKUP($T5&"|SiO2",ASSAY_KEYS,ASSAY_VALUES,""),"") | AZ5: =IFERROR(_xludf.XLOOKUP($T5&"|Al2O3",ASSAY_KEYS,ASSAY_VALUES,""),"") | BA5: =IFERROR(_xludf.XLOOKUP($T5&"|P",ASSAY_KEYS,ASSAY_VALUES,""),"") | BB5: =IFERROR(_xludf.XLOOKUP($T5&"|S",ASSAY_KEYS,ASSAY_VALUES,""),"") | BC5: =IFERROR(_xludf.XLOOKUP($T5&"|LOI",ASSAY_KEYS,ASSAY_VALUES,""),"")
E6: =IF(AND(C6<>"",D6<>""),D6-C6,"") | G6: =IFERROR(_xludf.XLOOKUP(F6,Lists!$A:$A,Lists!$B:$B,"",0),"") | S6: =IF(COUNTA(N6:P6)=3,N6+O6+P6,"") | AQ6: =IF(AND(AN6<>"",AO6<>"",AP6<>""),AP6/(AO6-AN6)*100,"") | AX6: =IFERROR(_xludf.XLOOKUP($T6&"|Fe",ASSAY_KEYS,ASSAY_VALUES,""),"") | AY6: =IFERROR(_xludf.XLOOKUP($T6&"|SiO2",ASSAY_KEYS,ASSAY_VALUES,""),"") | AZ6: =IFERROR(_xludf.XLOOKUP($T6&"|Al2O3",ASSAY_KEYS,ASSAY_VALUES,""),"") | BA6: =IFERROR(_xludf.XLOOKUP($T6&"|P",ASSAY_KEYS,ASSAY_VALUES,""),"") | BB6: =IFERROR(_xludf.XLOOKUP($T6&"|S",ASSAY_KEYS,ASSAY_VALUES,""),"") | BC6: =IFERROR(_xludf.XLOOKUP($T6&"|LOI",ASSAY_KEYS,ASSAY_VALUES,""),"")
E7: =IF(AND(C7<>"",D7<>""),D7-C7,"") | G7: =IFERROR(_xludf.XLOOKUP(F7,Lists!$A:$A,Lists!$B:$B,"",0),"") | S7: =IF(COUNTA(N7:P7)=3,N7+O7+P7,"") | AQ7: =IF(AND(AN7<>"",AO7<>"",AP7<>""),AP7/(AO7-AN7)*100,"") | AX7: =IFERROR(_xludf.XLOOKUP($T7&"|Fe",ASSAY_KEYS,ASSAY_VALUES,""),"") | AY7: =IFERROR(_xludf.XLOOKUP($T7&"|SiO2",ASSAY_KEYS,ASSAY_VALUES,""),"") | AZ7: =IFERROR(_xludf.XLOOKUP($T7&"|Al2O3",ASSAY_KEYS,ASSAY_VALUES,""),"") | BA7: =IFERROR(_xludf.XLOOKUP($T7&"|P",ASSAY_KEYS,ASSAY_VALUES,""),"") | BB7: =IFERROR(_xludf.XLOOKUP($T7&"|S",ASSAY_KEYS,ASSAY_VALUES,""),"") | BC7: =IFERROR(_xludf.XLOOKUP($T7&"|LOI",ASSAY_KEYS,ASSAY_VALUES,""),"")
E8: =IF(AND(C8<>"",D8<>""),D8-C8,"") | G8: =IFERROR(_xludf.XLOOKUP(F8,Lists!$A:$A,Lists!$B:$B,"",0),"") | S8: =IF(COUNTA(N8:P8)=3,N8+O8+P8,"") | AQ8: =IF(AND(AN8<>"",AO8<>"",AP8<>""),AP8/(AO8-AN8)*100,"") | AX8: =IFERROR(_xludf.XLOOKUP($T8&"|Fe",ASSAY_KEYS,ASSAY_VALUES,""),"") | AY8: =IFERROR(_xludf.XLOOKUP($T8&"|SiO2",ASSAY_KEYS,ASSAY_VALUES,""),"") | AZ8: =IFERROR(_xludf.XLOOKUP($T8&"|Al2O3",ASSAY_KEYS,ASSAY_VALUES,""),"") | BA8: =IFERROR(_xludf.XLOOKUP($T8&"|P",ASSAY_KEYS,ASSAY_VALUES,""),"") | BB8: =IFERROR(_xludf.XLOOKUP($T8&"|S",ASSAY_KEYS,ASSAY_VALUES,""),"") | BC8: =IFERROR(_xludf.XLOOKUP($T8&"|LOI",ASSAY_KEYS,ASSAY_VALUES,""),"")
E9: =IF(AND(C9<>"",D9<>""),D9-C9,"") | G9: =IFERROR(_xludf.XLOOKUP(F9,Lists!$A:$A,Lists!$B:$B,"",0),"") | S9: =IF(COUNTA(N9:P9)=3,N9+O9+P9,"") | AQ9: =IF(AND(AN9<>"",AO9<>"",AP9<>""),AP9/(AO9-AN9)*100,"") | AX9: =IFERROR(_xludf.XLOOKUP($T9&"|Fe",ASSAY_KEYS,ASSAY_VALUES,""),"") | AY9: =IFERROR(_xludf.XLOOKUP($T9&"|SiO2",ASSAY_KEYS,ASSAY_VALUES,""),"") | AZ9: =IFERROR(_xludf.XLOOKUP($T9&"|Al2O3",ASSAY_KEYS,ASSAY_VALUES,""),"") | BA9: =IFERROR(_xludf.XLOOKUP($T9&"|P",ASSAY_KEYS,ASSAY_VALUES,""),"") | BB9: =IFERROR(_xludf.XLOOKUP($T9&"|S",ASSAY_KEYS,ASSAY_VALUES,""),"") | BC9: =IFERROR(_xludf.XLOOKUP($T9&"|LOI",ASSAY_KEYS,ASSAY_VALUES,""),"")
E10: =IF(AND(C10<>"",D10<>""),D10-C10,"") | G10: =IFERROR(_xludf.XLOOKUP(F10,Lists!$A:$A,Lists!$B:$B,"",0),"") | S10: =IF(COUNTA(N10:P10)=3,N10+O10+P10,"") | AQ10: =IF(AND(AN10<>"",AO10<>"",AP10<>""),AP10/(AO10-AN10)*100,"") | AX10: =IFERROR(_xludf.XLOOKUP($T10&"|Fe",ASSAY_KEYS,ASSAY_VALUES,""),"") | AY10: =IFERROR(_xludf.XLOOKUP($T10&"|SiO2",ASSAY_KEYS,ASSAY_VALUES,""),"") | AZ10: =IFERROR(_xludf.XLOOKUP($T10&"|Al2O3",ASSAY_KEYS,ASSAY_VALUES,""),"") | BA10: =IFERROR(_xludf.XLOOKUP($T10&"|P",ASSAY_KEYS,ASSAY_VALUES,""),"") | BB10: =IFERROR(_xludf.XLOOKUP($T10&"|S",ASSAY_KEYS,ASSAY_VALUES,""),"") | BC10: =IFERROR(_xludf.XLOOKUP($T10&"|LOI",ASSAY_KEYS,ASSAY_VALUES,""),"")
E11: =IF(AND(C11<>"",D11<>""),D11-C11,"") | G11: =IFERROR(_xludf.XLOOKUP(F11,Lists!$A:$A,Lists!$B:$B,"",0),"") | S11: =IF(COUNTA(N11:P11)=3,N11+O11+P11,"") | AQ11: =IF(AND(AN11<>"",AO11<>"",AP11<>""),AP11/(AO11-AN11)*100,"") | AX11: =IFERROR(_xludf.XLOOKUP($T11&"|Fe",ASSAY_KEYS,ASSAY_VALUES,""),"") | AY11: =IFERROR(_xludf.XLOOKUP($T11&"|SiO2",ASSAY_KEYS,ASSAY_VALUES,""),"") | AZ11: =IFERROR(_xludf.XLOOKUP($T11&"|Al2O3",ASSAY_KEYS,ASSAY_VALUES,""),"") | BA11: =IFERROR(_xludf.XLOOKUP($T11&"|P",ASSAY_KEYS,ASSAY_VALUES,""),"") | BB11: =IFERROR(_xludf.XLOOKUP($T11&"|S",ASSAY_KEYS,ASSAY_VALUES,""),"") | BC11: =IFERROR(_xludf.XLOOKUP($T11&"|LOI",ASSAY_KEYS,ASSAY_VALUES,""),"")
E12: =IF(AND(C12<>"",D12<>""),D12-C12,"") | G12: =IFERROR(_xludf.XLOOKUP(F12,Lists!$A:$A,Lists!$B:$B,"",0),"") | S12: =IF(COUNTA(N12:P12)=3,N12+O12+P12,"") | AQ12: =IF(AND(AN12<>"",AO12<>"",AP12<>""),AP12/(AO12-AN12)*100,"") | AX12: =IFERROR(_xludf.XLOOKUP($T12&"|Fe",ASSAY_KEYS,ASSAY_VALUES,""),"") | AY12: =IFERROR(_xludf.XLOOKUP($T12&"|SiO2",ASSAY_KEYS,ASSAY_VALUES,""),"") | AZ12: =IFERROR(_xludf.XLOOKUP($T12&"|Al2O3",ASSAY_KEYS,ASSAY_VALUES,""),"") | BA12: =IFERROR(_xludf.XLOOKUP($T12&"|P",ASSAY_KEYS,ASSAY_VALUES,""),"") | BB12: =IFERROR(_xludf.XLOOKUP($T12&"|S",ASSAY_KEYS,ASSAY_VALUES,""),"") | BC12: =IFERROR(_xludf.XLOOKUP($T12&"|LOI",ASSAY_KEYS,ASSAY_VALUES,""),"")
E13: =IF(AND(C13<>"",D13<>""),D13-C13,"") | G13: =IFERROR(_xludf.XLOOKUP(F13,Lists!$A:$A,Lists!$B:$B,"",0),"") | S13: =IF(COUNTA(N13:P13)=3,N13+O13+P13,"") | AQ13: =IF(AND(AN13<>"",AO13<>"",AP13<>""),AP13/(AO13-AN13)*100,"") | AX13: =IFERROR(_xludf.XLOOKUP($T13&"|Fe",ASSAY_KEYS,ASSAY_VALUES,""),"") | AY13: =IFERROR(_xludf.XLOOKUP($T13&"|SiO2",ASSAY_KEYS,ASSAY_VALUES,""),"") | AZ13: =IFERROR(_xludf.XLOOKUP($T13&"|Al2O3",ASSAY_KEYS,ASSAY_VALUES,""),"") | BA13: =IFERROR(_xludf.XLOOKUP($T13&"|P",ASSAY_KEYS,ASSAY_VALUES,""),"") | BB13: =IFERROR(_xludf.XLOOKUP($T13&"|S",ASSAY_KEYS,ASSAY_VALUES,""),"") | BC13: =IFERROR(_xludf.XLOOKUP($T13&"|LOI",ASSAY_KEYS,ASSAY_VALUES,""),"")
... E401: =IF(AND(C401<>"",D401<>""),D401-C401,"") | G401: =IFERROR(_xludf.XLOOKUP(F401,Lists!$A:$A,Lists!$B:$B,"",0),"") | S401: =IF(COUNTA(N401:P401)=3,N401+O401+P401,"") | AQ401: =IF(AND(AN401<>"",AO401<>"",AP401<>""),AP401/(AO401-AN401)*100,"") | AX401: =IFERROR(_xludf.XLOOKUP($T401&"|Fe",ASSAY_KEYS,ASSAY_VALUES,""),"") | AY401: =IFERROR(_xludf.XLOOKUP($T401&"|SiO2",ASSAY_KEYS,ASSAY_VALUES,""),"") | AZ401: =IFERROR(_xludf.XLOOKUP($T401&"|Al2O3",ASSAY_KEYS,ASSAY_VALUES,""),"") | BA401: =IFERROR(_xludf.XLOOKUP($T401&"|P",ASSAY_KEYS,ASSAY_VALUES,""),"") | BB401: =IFERROR(_xludf.XLOOKUP($T401&"|S",ASSAY_KEYS,ASSAY_VALUES,""),"") | BC401: =IFERROR(_xludf.XLOOKUP($T401&"|LOI",ASSAY_KEYS,ASSAY_VALUES,""),"")

Sheet DependentLists
A1: BIF_TEXTURES | B1: SH_TEXTURES | C1: DOL_TEXTURES | D1: QFP_TEXTURES | E1: RC_SAMPLES | F1: DiamondCore_SAMPLES | G1: Auger_SAMPLES | H1: Aircore_SAMPLES
A2: Banded | B2: Laminated | C2: Massive | D2: Porphyritic | E2: RC Chips | F2: Core | G2: Auger Sample | H2: Aircore Sample
A3: Laminated | B3: Massive | C3: Brecciated | D3: Massive
A4: Massive | C4: Porphyritic | D4: Brecciated
A5: Oolitic

Sheet Assays
A1: Sample ID | B1: Element | C1: Value | D1: Unit | E1: Lab | F1: Method | G1: DL Lower | H1: DL Upper | I1: Hole ID | J1: From (m) | K1: To (m) | L1: Key | M1: Is Standard | N1: Certified | O1: Sigma | P1: Lower (2σ) | Q1: Upper (2σ) | R1: Result
L2: =IF(AND(A2<>"",B2<>""),A2&"|"&B2,"") | M2: =IF(COUNTIF(STANDARDS_IDS,A2)>0,TRUE,FALSE) -> FALSE | N2: =IF(M2,IF(B2="Fe",_xludf.XLOOKUP(A2,'Standards Catalogue'!$A:$A,'Standards Catalogue'!$B:$B,""),IF(B2="P",_xludf.XLOOKUP(A2,'Standards Catalogue'!$A:$A,'Standards Catalogue'!$D:$D,""),IF(B2="S",_xludf.XLOOKUP(A2,'Standards Catalogue'!$A:$A,'Standards Catalogue'!$F:$F,""),""))),"") | O2: =IF(M2,IF(B2="Fe",_xludf.XLOOKUP(A2,'Standards Catalogue'!$A:$A,'Standards Catalogue'!$C:$C,""),IF(B2="P",_xludf.XLOOKUP(A2,'Standards Catalogue'!$A:$A,'Standards Catalogue'!$E:$E,""),IF(B2="S",_xludf.XLOOKUP(A2,'Standards Catalogue'!$A:$A,'Standards Catalogue'!$G:$G,""),""))),"") | P2: =IF(M2,N2-2*O2,"") | Q2: =IF(M2,N2+2*O2,"") | R2: =IF(M2,IF(OR(C2="",N2="",O2=""),"",IF(AND(C2>=P2,C2<=Q2),"PASS","FAIL")),"")
L3: =IF(AND(A3<>"",B3<>""),A3&"|"&B3,"") | M3: =IF(COUNTIF(STANDARDS_IDS,A3)>0,TRUE,FALSE) -> FALSE | N3: =IF(M3,IF(B3="Fe",_xludf.XLOOKUP(A3,'Standards Catalogue'!$A:$A,'Standards Catalogue'!$B:$B,""),IF(B3="P",_xludf.XLOOKUP(A3,'Standards Catalogue'!$A:$A,'Standards Catalogue'!$D:$D,""),IF(B3="S",_xludf.XLOOKUP(A3,'Standards Catalogue'!$A:$A,'Standards Catalogue'!$F:$F,""),""))),"") | O3: =IF(M3,IF(B3="Fe",_xludf.XLOOKUP(A3,'Standards Catalogue'!$A:$A,'Standards Catalogue'!$C:$C,""),IF(B3="P",_xludf.XLOOKUP(A3,'Standards Catalogue'!$A:$A,'Standards Catalogue'!$E:$E,""),IF(B3="S",_xludf.XLOOKUP(A3,'Standards Catalogue'!$A:$A,'Standards Catalogue'!$G:$G,""),""))),"") | P3: =IF(M3,N3-2*O3,"") | Q3: =IF(M3,N3+2*O3,"") | R3: =IF(M3,IF(OR(C3="",N3="",O3=""),"",IF(AND(C3>=P3,C3<=Q3),"PASS","FAIL")),"")
L4: =IF(AND(A4<>"",B4<>""),A4&"|"&B4,"") | M4: =IF(COUNTIF(STANDARDS_IDS,A4)>0,TRUE,FALSE) -> FALSE | N4: =IF(M4,IF(B4="Fe",_xludf.XLOOKUP(A4,'Standards Catalogue'!$A:$A,'Standards Catalogue'!$B:$B,""),IF(B4="P",_xludf.XLOOKUP(A4,'Standards Catalogue'!$A:$A,'Standards Catalogue'!$D:$D,""),IF(B4="S",_xludf.XLOOKUP(A4,'Standards Catalogue'!$A:$A,'Standards Catalogue'!$F:$F,""),""))),"") | O4: =IF(M4,IF(B4="Fe",_xludf.XLOOKUP(A4,'Standards Catalogue'!$A:$A,'Standards Catalogue'!$C:$C,""),IF(B4="P",_xludf.XLOOKUP(A4,'Standards Catalogue'!$A:$A,'Standards Catalogue'!$E:$E,""),IF(B4="S",_xludf.XLOOKUP(A4,'Standards Catalogue'!$A:$A,'Standards Catalogue'!$G:$G,""),""))),"") | P4: =IF(M4,N4-2*O4,"") | Q4: =IF(M4,N4+2*O4,"") | R4: =IF(M4,IF(OR(C4="",N4="",O4=""),"",IF(AND(C4>=P4,C4<=Q4),"PASS","FAIL")),"")
L5: =IF(AND(A5<>"",B5<>""),A5&"|"&B5,"") | M5: =IF(COUNTIF(STANDARDS_IDS,A5)>0,TRUE,FALSE) -> FALSE | N5: =IF(M5,IF(B5="Fe",_xludf.XLOOKUP(A5,'Standards Catalogue'!$A:$A,'Standards Catalogue'!$B:$B,""),IF(B5="P",_xludf.XLOOKUP(A5,'Standards Catalogue'!$A:$A,'Standards Catalogue'!$D:$D,""),IF(B5="S",_xludf.XLOOKUP(A5,'Standards Catalogue'!$A:$A,'Standards Catalogue'!$F:$F,""),""))),"") | O5: =IF(M5,IF(B5="Fe",_xludf.XLOOKUP(A5,'Standards Catalogue'!$A:$A,'Standards Catalogue'!$C:$C,""),IF(B5="P",_xludf.XLOOKUP(A5,'Standards Catalogue'!$A:$A,'Standards Catalogue'!$E:$E,""),IF(B5="S",_xludf.XLOOKUP(A5,'Standards Catalogue'!$A:$A,'Standards Catalogue'!$G:$G,""),""))),"") | P5: =IF(M5,N5-2*O5,"") | Q5: =IF(M5,N5+2*O5,"") | R5: =IF(M5,IF(OR(C5="",N5="",O5=""),"",IF(AND(C5>=P5,C5<=Q5),"PASS","FAIL")),"")
L6: =IF(AND(A6<>"",B6<>""),A6&"|"&B6,"") | M6: =IF(COUNTIF(STANDARDS_IDS,A6)>0,TRUE,FALSE) -> FALSE | N6: =IF(M6,IF(B6="Fe",_xludf.XLOOKUP(A6,'Standards Catalogue'!$A:$A,'Standards Catalogue'!$B:$B,""),IF(B6="P",_xludf.XLOOKUP(A6,'Standards Catalogue'!$A:$A,'Standards Catalogue'!$D:$D,""),IF(B6="S",_xludf.XLOOKUP(A6,'Standards Catalogue'!$A:$A,'Standards Catalogue'!$F:$F,""),""))),"") | O6: =IF(M6,IF(B6="Fe",_xludf.XLOOKUP(A6,'Standards Catalogue'!$A:$A,'Standards Catalogue'!$C:$C,""),IF(B6="P",_xludf.XLOOKUP(A6,'Standards Catalogue'!$A:$A,'Standards Catalogue'!$E:$E,""),IF(B6="S",_xludf.XLOOKUP(A6,'Standards Catalogue'!$A:$A,'Standards Catalogue'!$G:$G,""),""))),"") | P6: =IF(M6,N6-2*O6,"") | Q6: =IF(M6,N6+2*O6,"") | R6: =IF(M6,IF(OR(C6="",N6="",O6=""),"",IF(AND(C6>=P6,C6<=Q6),"PASS","FAIL")),"")
L7: =IF(AND(A7<>"",B7<>""),A7&"|"&B7,"") | M7: =IF(COUNTIF(STANDARDS_IDS,A7)>0,TRUE,FALSE) -> FALSE | N7: =IF(M7,IF(B7="Fe",_xludf.XLOOKUP(A7,'Standards Catalogue'!$A:$A,'Standards Catalogue'!$B:$B,""),IF(B7="P",_xludf.XLOOKUP(A7,'Standards Catalogue'!$A:$A,'Standards Catalogue'!$D:$D,""),IF(B7="S",_xludf.XLOOKUP(A7,'Standards Catalogue'!$A:$A,'Standards Catalogue'!$F:$F,""),""))),"") | O7: =IF(M7,IF(B7="Fe",_xludf.XLOOKUP(A7,'Standards Catalogue'!$A:$A,'Standards Catalogue'!$C:$C,""),IF(B7="P",_xludf.XLOOKUP(A7,'Standards Catalogue'!$A:$A,'Standards Catalogue'!$E:$E,""),IF(B7="S",_xludf.XLOOKUP(A7,'Standards Catalogue'!$A:$A,'Standards Catalogue'!$G:$G,""),""))),"") | P7: =IF(M7,N7-2*O7,"") | Q7: =IF(M7,N7+2*O7,"") | R7: =IF(M7,IF(OR(C7="",N7="",O7=""),"",IF(AND(C7>=P7,C7<=Q7),"PASS","FAIL")),"")
L8: =IF(AND(A8<>"",B8<>""),A8&"|"&B8,"") | M8: =IF(COUNTIF(STANDARDS_IDS,A8)>0,TRUE,FALSE) -> FALSE | N8: =IF(M8,IF(B8="Fe",_xludf.XLOOKUP(A8,'Standards Catalogue'!$A:$A,'Standards Catalogue'!$B:$B,""),IF(B8="P",_xludf.XLOOKUP(A8,'Standards Catalogue'!$A:$A,'Standards Catalogue'!$D:$D,""),IF(B8="S",_xludf.XLOOKUP(A8,'Standards Catalogue'!$A:$A,'Standards Catalogue'!$F:$F,""),""))),"") | O8: =IF(M8,IF(B8="Fe",_xludf.XLOOKUP(A8,'Standards Catalogue'!$A:$A,'Standards Catalogue'!$C:$C,""),IF(B8="P",_xludf.XLOOKUP(A8,'Standards Catalogue'!$A:$A,'Standards Catalogue'!$E:$E,""),IF(B8="S",_xludf.XLOOKUP(A8,'Standards Catalogue'!$A:$A,'Standards Catalogue'!$G:$G,""),""))),"") | P8: =IF(M8,N8-2*O8,"") | Q8: =IF(M8,N8+2*O8,"") | R8: =IF(M8,IF(OR(C8="",N8="",O8=""),"",IF(AND(C8>=P8,C8<=Q8),"PASS","FAIL")),"")
L9: =IF(AND(A9<>"",B9<>""),A9&"|"&B9,"") | M9: =IF(COUNTIF(STANDARDS_IDS,A9)>0,TRUE,FALSE) -> FALSE | N9: =IF(M9,IF(B9="Fe",_xludf.XLOOKUP(A9,'Standards Catalogue'!$A:$A,'Standards Catalogue'!$B:$B,""),IF(B9="P",_xludf.XLOOKUP(A9,'Standards Catalogue'!$A:$A,'Standards Catalogue'!$D:$D,""),IF(B9="S",_xludf.XLOOKUP(A9,'Standards Catalogue'!$A:$A,'Standards Catalogue'!$F:$F,""),""))),"") | O9: =IF(M9,IF(B9="Fe",_xludf.XLOOKUP(A9,'Standards Catalogue'!$A:$A,'Standards Catalogue'!$C:$C,""),IF(B9="P",_xludf.XLOOKUP(A9,'Standards Catalogue'!$A:$A,'Standards Catalogue'!$E:$E,""),IF(B9="S",_xludf.XLOOKUP(A9,'Standards Catalogue'!$A:$A,'Standards Catalogue'!$G:$G,""),""))),"") | P9: =IF(M9,N9-2*O9,"") | Q9: =IF(M9,N9+2*O9,"") | R9: =IF(M9,IF(OR(C9="",N9="",O9=""),"",IF(AND(C9>=P9,C9<=Q9),"PASS","FAIL")),"")
L10: =IF(AND(A10<>"",B10<>""),A10&"|"&B10,"") | M10: =IF(COUNTIF(STANDARDS_IDS,A10)>0,TRUE,FALSE) -> FALSE | N10: =IF(M10,IF(B10="Fe",_xludf.XLOOKUP(A10,'Standards Catalogue'!$A:$A,'Standards Catalogue'!$B:$B,""),IF(B10="P",_xludf.XLOOKUP(A10,'Standards Catalogue'!$A:$A,'Standards Catalogue'!$D:$D,""),IF(B10="S",_xludf.XLOOKUP(A10,'Standards Catalogue'!$A:$A,'Standards Catalogue'!$F:$F,""),""))),"") | O10: =IF(M10,IF(B10="Fe",_xludf.XLOOKUP(A10,'Standards Catalogue'!$A:$A,'Standards Catalogue'!$C:$C,""),IF(B10="P",_xludf.XLOOKUP(A10,'Standards Catalogue'!$A:$A,'Standards Catalogue'!$E:$E,""),IF(B10="S",_xludf.XLOOKUP(A10,'Standards Catalogue'!$A:$A,'Standards Catalogue'!$G:$G,""),""))),"") | P10: =IF(M10,N10-2*O10,"") | Q10: =IF(M10,N10+2*O10,"") | R10: =IF(M10,IF(OR(C10="",N10="",O10=""),"",IF(AND(C10>=P10,C10<=Q10),"PASS","FAIL")),"")
L11: =IF(AND(A11<>"",B11<>""),A11&"|"&B11,"") | M11: =IF(COUNTIF(STANDARDS_IDS,A11)>0,TRUE,FALSE) -> FALSE | N11: =IF(M11,IF(B11="Fe",_xludf.XLOOKUP(A11,'Standards Catalogue'!$A:$A,'Standards Catalogue'!$B:$B,""),IF(B11="P",_xludf.XLOOKUP(A11,'Standards Catalogue'!$A:$A,'Standards Catalogue'!$D:$D,""),IF(B11="S",_xludf.XLOOKUP(A11,'Standards Catalogue'!$A:$A,'Standards Catalogue'!$F:$F,""),""))),"") | O11: =IF(M11,IF(B11="Fe",_xludf.XLOOKUP(A11,'Standards Catalogue'!$A:$A,'Standards Catalogue'!$C:$C,""),IF(B11="P",_xludf.XLOOKUP(A11,'Standards Catalogue'!$A:$A,'Standards Catalogue'!$E:$E,""),IF(B11="S",_xludf.XLOOKUP(A11,'Standards Catalogue'!$A:$A,'Standards Catalogue'!$G:$G,""),""))),"") | P11: =IF(M11,N11-2*O11,"") | Q11: =IF(M11,N11+2*O11,"") | R11: =IF(M11,IF(OR(C11="",N11="",O11=""),"",IF(AND(C11>=P11,C11<=Q11),"PASS","FAIL")),"")
L12: =IF(AND(A12<>"",B12<>""),A12&"|"&B12,"") | M12: =IF(COUNTIF(STANDARDS_IDS,A12)>0,TRUE,FALSE) -> FALSE | N12: =IF(M12,IF(B12="Fe",_xludf.XLOOKUP(A12,'Standards Catalogue'!$A:$A,'Standards Catalogue'!$B:$B,""),IF(B12="P",_xludf.XLOOKUP(A12,'Standards Catalogue'!$A:$A,'Standards Catalogue'!$D:$D,""),IF(B12="S",_xludf.XLOOKUP(A12,'Standards Catalogue'!$A:$A,'Standards Catalogue'!$F:$F,""),""))),"") | O12: =IF(M12,IF(B12="Fe",_xludf.XLOOKUP(A12,'Standards Catalogue'!$A:$A,'Standards Catalogue'!$C:$C,""),IF(B12="P",_xludf.XLOOKUP(A12,'Standards Catalogue'!$A:$A,'Standards Catalogue'!$E:$E,""),IF(B12="S",_xludf.XLOOKUP(A12,'Standards Catalogue'!$A:$A,'Standards Catalogue'!$G:$G,""),""))),"") | P12: =IF(M12,N12-2*O12,"") | Q12: =IF(M12,N12+2*O12,"") | R12: =IF(M12,IF(OR(C12="",N12="",O12=""),"",IF(AND(C12>=P12,C12<=Q12),"PASS","FAIL")),"")
L13: =IF(AND(A13<>"",B13<>""),A13&"|"&B13,"") | M13: =IF(COUNTIF(STANDARDS_IDS,A13)>0,TRUE,FALSE) -> FALSE | N13: =IF(M13,IF(B13="Fe",_xludf.XLOOKUP(A13,'Standards Catalogue'!$A:$A,'Standards Catalogue'!$B:$B,""),IF(B13="P",_xludf.XLOOKUP(A13,'Standards Catalogue'!$A:$A,'Standards Catalogue'!$D:$D,""),IF(B13="S",_xludf.XLOOKUP(A13,'Standards Catalogue'!$A:$A,'Standards Catalogue'!$F:$F,""),""))),"") | O13: =IF(M13,IF(B13="Fe",_xludf.XLOOKUP(A13,'Standards Catalogue'!$A:$A,'Standards Catalogue'!$C:$C,""),IF(B13="P",_xludf.XLOOKUP(A13,'Standards Catalogue'!$A:$A,'Standards Catalogue'!$E:$E,""),IF(B13="S",_xludf.XLOOKUP(A13,'Standards Catalogue'!$A:$A,'Standards Catalogue'!$G:$G,""),""))),"") | P13: =IF(M13,N13-2*O13,"") | Q13: =IF(M13,N13+2*O13,"") | R13: =IF(M13,IF(OR(C13="",N13="",O13=""),"",IF(AND(C13>=P13,C13<=Q13),"PASS","FAIL")),"")
... L1001: =IF(AND(A1001<>"",B1001<>""),A1001&"|"&B1001,"") | M1001: =IF(COUNTIF(STANDARDS_IDS,A1001)>0,TRUE,FALSE) -> FALSE | N1001: =IF(M1001,IF(B1001="Fe",_xludf.XLOOKUP(A1001,'Standards Catalogue'!$A:$A,'Standards Catalogue'!$B:$B,""),IF(B1001="P",_xludf.XLOOKUP(A1001,'Standards Catalogue'!$A:$A,'Standards Catalogue'!$D:$D,""),IF(B1001="S",_xludf.XLOOKUP(A1001,'Standards Catalogue'!$A:$A,'Standards Catalogue'!$F:$F,""),""))),"") | O1001: =IF(M1001,IF(B1001="Fe",_xludf.XLOOKUP(A1001,'Standards Catalogue'!$A:$A,'Standards Catalogue'!$C:$C,""),IF(B1001="P",_xludf.XLOOKUP(A1001,'Standards Catalogue'!$A:$A,'Standards Catalogue'!$E:$E,""),IF(B1001="S",_xludf.XLOOKUP(A1001,'Standards Catalogue'!$A:$A,'Standards Catalogue'!$G:$G,""),""))),"") | P1001: =IF(M1001,N1001-2*O1001,"") | Q1001: =IF(M1001,N1001+2*O1001,"") | R1001: =IF(M1001,IF(OR(C1001="",N1001="",O1001=""),"",IF(AND(C1001>=P1001,C1001<=Q1001),"PASS","FAIL")),"")

Sheet PlotPrep
A1: Hole ID | B1: From (m) | C1: To (m) | D1: Mid (m) | E1: Lithology Code | F1: Fe % | G1: SiO2 % | H1: Al2O3 % | I1: P % | J1: S % | K1: LOI %
A2: ='Borehole Logging'!A2 -> 0 | B2: ='Borehole Logging'!C2 -> 0 | C2: ='Borehole Logging'!D2 -> 0 | E2: ='Borehole Logging'!F2 -> 0 | F2: ='Borehole Logging'!AX2 | G2: ='Borehole Logging'!AY2 | H2: ='Borehole Logging'!AZ2 | I2: ='Borehole Logging'!BA2 | J2: ='Borehole Logging'!BB2 | K2: ='Borehole Logging'!BC2
A3: ='Borehole Logging'!A3 -> 0 | B3: ='Borehole Logging'!C3 -> 0 | C3: ='Borehole Logging'!D3 -> 0 | E3: ='Borehole Logging'!F3 -> 0 | F3: ='Borehole Logging'!AX3 | G3: ='Borehole Logging'!AY3 | H3: ='Borehole Logging'!AZ3 | I3: ='Borehole Logging'!BA3 | J3: ='Borehole Logging'!BB3 | K3: ='Borehole Logging'!BC3
A4: ='Borehole Logging'!A4 -> 0 | B4: ='Borehole Logging'!C4 -> 0 | C4: ='Borehole Logging'!D4 -> 0 | E4: ='Borehole Logging'!F4 -> 0 | F4: ='Borehole Logging'!AX4 | G4: ='Borehole Logging'!AY4 | H4: ='Borehole Logging'!AZ4 | I4: ='Borehole Logging'!BA4 | J4: ='Borehole Logging'!BB4 | K4: ='Borehole Logging'!BC4
A5: ='Borehole Logging'!A5 -> 0 | B5: ='Borehole Logging'!C5 -> 0 | C5: ='Borehole Logging'!D5 -> 0 | E5: ='Borehole Logging'!F5 -> 0 | F5: ='Borehole Logging'!AX5 | G5: ='Borehole Logging'!AY5 | H5: ='Borehole Logging'!AZ5 | I5: ='Borehole Logging'!BA5 | J5: ='Borehole Logging'!BB5 | K5: ='Borehole Logging'!BC5
A6: ='Borehole Logging'!A6 -> 0 | B6: ='Borehole Logging'!C6 -> 0 | C6: ='Borehole Logging'!D6 -> 0 | E6: ='Borehole Logging'!F6 -> 0 | F6: ='Borehole Logging'!AX6 | G6: ='Borehole Logging'!AY6 | H6: ='Borehole Logging'!AZ6 | I6: ='Borehole Logging'!BA6 | J6: ='Borehole Logging'!BB6 | K6: ='Borehole Logging'!BC6
A7: ='Borehole Logging'!A7 -> 0 | B7: ='Borehole Logging'!C7 -> 0 | C7: ='Borehole Logging'!D7 -> 0 | E7: ='Borehole Logging'!F7 -> 0 | F7: ='Borehole Logging'!AX7 | G7: ='Borehole Logging'!AY7 | H7: ='Borehole Logging'!AZ7 | I7: ='Borehole Logging'!BA7 | J7: ='Borehole Logging'!BB7 | K7: ='Borehole Logging'!BC7
A8: ='Borehole Logging'!A8 -> 0 | B8: ='Borehole Logging'!C8 -> 0 | C8: ='Borehole Logging'!D8 -> 0 | E8: ='Borehole Logging'!F8 -> 0 | F8: ='Borehole Logging'!AX8 | G8: ='Borehole Logging'!AY8 | H8: ='Borehole Logging'!AZ8 | I8: ='Borehole Logging'!BA8 | J8: ='Borehole Logging'!BB8 | K8: ='Borehole Logging'!BC8
A9: ='Borehole Logging'!A9 -> 0 | B9: ='Borehole Logging'!C9 -> 0 | C9: ='Borehole Logging'!D9 -> 0 | E9: ='Borehole Logging'!F9 -> 0 | F9: ='Borehole Logging'!AX9 | G9: ='Borehole Logging'!AY9 | H9: ='Borehole Logging'!AZ9 | I9: ='Borehole Logging'!BA9 | J9: ='Borehole Logging'!BB9 | K9: ='Borehole Logging'!BC9
A10: ='Borehole Logging'!A10 -> 0 | B10: ='Borehole Logging'!C10 -> 0 | C10: ='Borehole Logging'!D10 -> 0 | E10: ='Borehole Logging'!F10 -> 0 | F10: ='Borehole Logging'!AX10 | G10: ='Borehole Logging'!AY10 | H10: ='Borehole Logging'!AZ10 | I10: ='Borehole Logging'!BA10 | J10: ='Borehole Logging'!BB10 | K10: ='Borehole Logging'!BC10
A11: ='Borehole Logging'!A11 -> 0 | B11: ='Borehole Logging'!C11 -> 0 | C11: ='Borehole Logging'!D11 -> 0 | E11: ='Borehole Logging'!F11 -> 0 | F11: ='Borehole Logging'!AX11 | G11: ='Borehole Logging'!AY11 | H11: ='Borehole Logging'!AZ11 | I11: ='Borehole Logging'!BA11 | J11: ='Borehole Logging'!BB11 | K11: ='Borehole Logging'!BC11
A12: ='Borehole Logging'!A12 -> 0 | B12: ='Borehole Logging'!C12 -> 0 | C12: ='Borehole Logging'!D12 -> 0 | E12: ='Borehole Logging'!F12 -> 0 | F12: ='Borehole Logging'!AX12 | G12: ='Borehole Logging'!AY12 | H12: ='Borehole Logging'!AZ12 | I12: ='Borehole Logging'!BA12 | J12: ='Borehole Logging'!BB12 | K12: ='Borehole Logging'!BC12
A13: ='Borehole Logging'!A13 -> 0 | B13: ='Borehole Logging'!C13 -> 0 | C13: ='Borehole Logging'!D13 -> 0 | E13: ='Borehole Logging'!F13 -> 0 | F13: ='Borehole Logging'!AX13 | G13: ='Borehole Logging'!AY13 | H13: ='Borehole Logging'!AZ13 | I13: ='Borehole Logging'!BA13 | J13: ='Borehole Logging'!BB13 | K13: ='Borehole Logging'!BC13
... A401: ='Borehole Logging'!A401 -> 0 | B401: ='Borehole Logging'!C401 -> 0 | C401: ='Borehole Logging'!D401 -> 0 | E401: ='Borehole Logging'!F401 -> 0 | F401: ='Borehole Logging'!AX401 | G401: ='Borehole Logging'!AY401 | H401: ='Borehole Logging'!AZ401 | I401: ='Borehole Logging'!BA401 | J401: ='Borehole Logging'!BB401 | K401: ='Borehole Logging'!BC401

Sheet Standards Catalogue
A1: Standard ID | B1: Certified Fe % | C1: Sigma Fe % | D1: Certified P % | E1: Sigma P % | F1: Certified S % | G1: Sigma S % | H1: Provider | I1: Notes
A2: Fe_STD1 | B2: 62 | C2: 0.3 | D2: 0.02 | E2: 0.002 | F2: 0.01 | G2: 0.002 | H2: OREAS | I2: High-grade Fe standard
A3: Fe_STD2 | B3: 35 | C3: 0.25 | D3: 0.04 | E3: 0.003 | F3: 0.015 | G3: 0.002 | H3: AMIS | I3: Mid-grade Fe standard

Sheet Standards Summary
A1: Element | B1: PASS | C1: FAIL | D1: PASS %
A2: Fe | D2: =IF(SUM(B2:C2)=0,"",B2/SUM(B2:C2))
A3: P | D3: =IF(SUM(B3:C3)=0,"",B3/SUM(B3:C3))
A4: S | D4: =IF(SUM(B4:C4)=0,"",B4/SUM(B4:C4))
